-- MySQL dump 10.13  Distrib 5.5.57, for debian-linux-gnu (x86_64)
--
-- Host: 0.0.0.0    Database: c9
-- ------------------------------------------------------
-- Server version	5.5.57-0ubuntu0.14.04.1

/*!40101 SET @OLD_CHARACTER_SET_CLIENT=@@CHARACTER_SET_CLIENT */;
/*!40101 SET @OLD_CHARACTER_SET_RESULTS=@@CHARACTER_SET_RESULTS */;
/*!40101 SET @OLD_COLLATION_CONNECTION=@@COLLATION_CONNECTION */;
/*!40101 SET NAMES utf8 */;
/*!40103 SET @OLD_TIME_ZONE=@@TIME_ZONE */;
/*!40103 SET TIME_ZONE='+00:00' */;
/*!40014 SET @OLD_UNIQUE_CHECKS=@@UNIQUE_CHECKS, UNIQUE_CHECKS=0 */;
/*!40014 SET @OLD_FOREIGN_KEY_CHECKS=@@FOREIGN_KEY_CHECKS, FOREIGN_KEY_CHECKS=0 */;
/*!40101 SET @OLD_SQL_MODE=@@SQL_MODE, SQL_MODE='NO_AUTO_VALUE_ON_ZERO' */;
/*!40111 SET @OLD_SQL_NOTES=@@SQL_NOTES, SQL_NOTES=0 */;

--
-- Table structure for table `bio`
--

DROP TABLE IF EXISTS `bio`;
/*!40101 SET @saved_cs_client     = @@character_set_client */;
/*!40101 SET character_set_client = utf8 */;
CREATE TABLE `bio` (
  `id` int(11) NOT NULL AUTO_INCREMENT,
  `user_id` int(11) NOT NULL,
  `content` longtext NOT NULL,
  PRIMARY KEY (`id`),
  KEY `fk_bio_user_idx` (`user_id`),
  CONSTRAINT `fk_bio_user` FOREIGN KEY (`user_id`) REFERENCES `user` (`id`) ON DELETE NO ACTION ON UPDATE NO ACTION
) ENGINE=InnoDB AUTO_INCREMENT=17 DEFAULT CHARSET=utf8;
/*!40101 SET character_set_client = @saved_cs_client */;

--
-- Dumping data for table `bio`
--

LOCK TABLES `bio` WRITE;
/*!40000 ALTER TABLE `bio` DISABLE KEYS */;
INSERT INTO `bio` VALUES (10,12,'Aleksa Šantić (Cyrillic: Алекса Шантић) (May 27, 1868 – February 2, 1924) was a Serbian poet. He was born and lived most his life in Mostar, Bosnia Herzegovina, then part of Austria-Hungary, where he also died. He attended merchant schools in Trieste and Ljubljana.\n\nThe oeuvre of Aleksa Šantić, widely accessible yet acutely personal, is a blend of fine-tuned emotional sensibility and clear-eyed historical awareness, steeped in the specifics of local culture. Drawing themes and imagery from his hometown Mostar, the atmospheric capital of Mediterranean Herzegovina, and its surroundings, his poetry is marked in equal part by the late-Ottoman urban culture in the region, its social distinctions, subdued passions and melancholy, as well as the South-Slavic national awareness that was growing all over what was later to become Yugoslavia.\n\nAs a Bosnian Serb who embraced the form and the sentiment of the traditional Bosniak love ballad sevdalinka, he was a pioneer in attempting to bridge the national and cultural divides, and in his lamentation of the erosion of population through emigration, that was the result of Austrian occupation. This combination of locally rooted, transcultural sensibility and a dedicated pan-Slavic vision has earned him a special place in the pantheon of South Slavic poetry.\n\nHe was strongly influenced by Jovan Jovanović Zmaj, Vojislav Ilić and Heinrich Heine. The topics and images of his poems ranged from strong emotions for social injustices of his time to nostalgic love. His poems about Mostar and the river Neretva breathe pure Bosnian and Serbian patriotism and are considered particularly beautiful. Šantić wrote a number of love songs in the style of the Bosnian love songs, sevdalinkas. His most well known sevdalinka is Emina (female Bosniak name), to which music was composed and it is often sung at restaurants (kafanas).\n\nAleksa Šantić, a village in Serbia is named after this poet. He is also pictured on 10 Bosnia and Herzegovina convertible marks bill.\n\n'),(11,13,'Branko Radičević je rođen u Slavonskom Brodu 28. marta 1824. u porodici Todora i Ruže Radičević. Rođeno ime mu je Aleksije, ali ga je on posrbio u Branko. Brankov otac Todor je bio činovnik, ali se takođe bavio i književnošću i preveo je sa nemačkog jezika Šilerovog Viljema Tela.\n\nNjegova porodica se 1830. preselila u Zemun, gde je Branko završio pet razreda srpske i nemačke osnovne škole. U gimnaziju u Sremskim Karlovcima se upisao 1836. Sremski Karlovci i obližnje Stražilovo su imali velik uticaj na Brankova kasnija dela, od kojih su najpoznatija Đački rastanak, u kojoj izražava svoju želju da tu bude i sahranjen. Nakon završenih šest razreda u Sremskim Karlovcima, sedmi i osmi razred je završio u Temišvaru, gde mu je otac bio premešten 1841. godine.\n\nGodine 1843. je upisao studije prava u Beču, ali nakon tri godine studija odustaje od fakulteta. Staro prijateljstvo prodice Radičević sa Vukom Karadžićem bila je Branku najbolja preporuka za stupanje u krug Vukovih saradnika i prijatelja. Kada mu je preminuo brat Stevan, Branko se zbratimio sa drugim mladim Vukovim sledbenikom Đurom Daničićem.\n\nPrve stihove Branko je napisao još dok je pohađao Karlovačku gimnaziju, a odušljevljen Vukovim reformama se intezivnije počeo baviti književnim radom. Prvu knjigu pesama je objavio u Beču 1847. godine, na čistom narodnom jeziku u duhu modernog evropskog romantičarskog pesništva. Iste godine su objavljeni i Vukov prevod Novog zaveta, Daničićev \"Rat za srpski jezik i pravopis\" i Njegošev \"Gorski vijenac\", tako da se ta godina smatra godinom nezvanične Vukove pobede.\n\nZbog revolucije koja je zahvatila Habzburšku monarhiju, Radičević je napustio Beč i živeo je po raznim mestima u Sremu. Slava koju su mu donele prve pesme bila je velika i u Kneževini Srbiji, u koju je nekoliko puta dolazio. U strahu da njegovo prisustvo ne izazove nemire među velikoškolskom omladinom, vlasti su ga proterale iz Beograda.\n\nU to vreme je počeo da oboljeva od tuberkuloze. Vrativši se u Beč 1849. upisao je studije medicine, ali je nastavio da se bavi književnošću i godine 1851. je objavio još jednu zbirku pesama.\n\nRadičević je preminuo 1. jula 1853. u bečkoj bolnici na rukama Vukove ćerke Ane. Postuhmno zbirku pesma je objavio njegov otac 1862. Srpska omladina je ispunila pesnikovu želju i godine 1883. prenela je njegove ostatke iz Beča u Stražilovo. '),(15,1,'Živi u Beogradu.'),(16,18,'Bashō Bashō, in full Matsuo Bashō, pseudonym of Matsuo Munefusa, (born 1644, Ueno, Iga province, Japan—died Nov. 28, 1694, Ōsaka), the supreme Japanese haiku poet, who greatly enriched the 17-syllable haiku form and made it an accepted medium of artistic expression.\n\nInterested in haiku from an early age, Bashō at first put his literary interests aside and entered the service of a local feudal lord. After his lord’s death in 1666, however, Bashō abandoned his samurai (warrior) status to devote himself to poetry. Moving to the capital city of Edo (now Tokyo), he gradually acquired a reputation as a poet and critic. In 1679 he wrote his first verse in the “new style” for which he came to be known:\n\nOn a withered branch\nA crow has alighted:\nNightfall in autumn.');
/*!40000 ALTER TABLE `bio` ENABLE KEYS */;
UNLOCK TABLES;

--
-- Table structure for table `poem`
--

DROP TABLE IF EXISTS `poem`;
/*!40101 SET @saved_cs_client     = @@character_set_client */;
/*!40101 SET character_set_client = utf8 */;
CREATE TABLE `poem` (
  `id` int(11) NOT NULL AUTO_INCREMENT,
  `user_id` int(11) NOT NULL,
  `title` varchar(45) NOT NULL,
  `content` longtext NOT NULL,
  `year` year(4) DEFAULT NULL,
  PRIMARY KEY (`id`),
  KEY `fk_poem_user_idx` (`user_id`),
  CONSTRAINT `fk_poem_user` FOREIGN KEY (`user_id`) REFERENCES `user` (`id`) ON DELETE NO ACTION ON UPDATE NO ACTION
) ENGINE=InnoDB AUTO_INCREMENT=63 DEFAULT CHARSET=utf8;
/*!40101 SET character_set_client = @saved_cs_client */;

--
-- Dumping data for table `poem`
--

LOCK TABLES `poem` WRITE;
/*!40000 ALTER TABLE `poem` DISABLE KEYS */;
INSERT INTO `poem` VALUES (2,4,'Ciganin hvali svoga konja','Gledaš, je li, moga konja,\nGospodaru stari?\nNe znaš je li konj il ptica\nLastavica?\nSkidaj naočari\nNe možeš se nagledati,\nVeć hajde pazari!\nTi još pitaš za Putalja,\nDa li valja?\nNemaj brige!\nDa ne valja, ne bi bio\nOn kod Cige.\nNe možes ga u carevoj\nNaći štali,\nSamo Ciga što ne ume\nDa ga hvali.\nDa ga pospe suvim zlatom,\nKo ne štedi,\nJoš i onda jedan dukat\nViše vredi.\n\nAko imaš, jede seno,\nZob i slamu,\nAko nemaš, on ne ište,\nNe treba mu.\nNemoj da mu gledaš zube,\nMoj golube,\nNi ja mu ih nisam gledo,\nNemoj ni ti,\nTaj ne može ostariti.\nŠto ga duže teraš, kume,\nSve je mladji,\nPa de sad mu\nPara nadji!\nA što pitaš hoće l moći\nKakav jendek da preskoči.\nJendek, jendek, kakav jendek?\nTaj se nije još rodio,\nKoj on nije preskočio,\nPreskoči ga tako lako\nKao da je pile neko,\nI to uzduž, ne popreko.\n\nJa ga jašem bez sedla,\nSedlasta mu ledja,\nZa pasoš ga ne pitaj,\nJer to njega vredja.\nIdi, kume, idi, idi,\nJoš me pitaš kako vidi\nTo je da se pripoveda\nVidi ostrag ko i spreda,\nVidi noću ko na danu,\nA na danu ko u noci,\nTakve su mu oči.\n\nA što pitaš, moj prijane,\nIma l mane,\nTa zato ga i prodajem,\nMoj prijane,\nJerbo nema mane,\nTakvi konji nisu za nas,\nZa Cigane.\n\nA brzina kakva mu je?\nMalko je brži od oluje.\nSad ćeš čuti,\nKazaću ti\nJednom sam se iz Erduta\nVraćo s puta.\nMada nas je pljusak vijo,\nOn se nije umorio.\n\nMunja sevne, a on rže,\nPljusak brzo, a on brže\nPljusak pišman na mog hata,\nPa ga hvata,\nA Putalj ga preko gleda,\nPa se ne da.\nPljusak leti da polije,\n– Tek što nije!\nKad stigosmo pod šatora,\nU ciganski dvorac lep,\nNa mom konju sve je suvo,\nPokiso mu samo\nRep.',2019),(3,4,'Jututunska narodna himna','Bože sveti, podrži nam Knjaza\nzdrava, krepka, ohola i slavna,\njer na zemlji nit je kadgod bilo,\nniti će Mu ikad biti ravna.\n\nOvaj narod vrlo dobro znade\nda je stvoren samo Knjaza radi,\nda Mu daje poreze i hvale,\nda Ga dvori i ponizno kadi.\n\nBože silni s visoka žilišta,\nsaslušaj nam našu želju staru,\nBože sveti, ne daj nikom ništa,\nda što više ostane Vladaru.\n\nRadi Njega sva stvorenja žive,\nradi Njega sunce greje s neba.\nA taj narod, a tu zemlju našu,\npodrži je – ako Knjazu treba.\n\nOduzmi nam i želje i glasa,\noduzmi nam mudrovanja kleta,\nda Njegovu nameru ne preči,\nda Njegovoj mudrosti ne smeta.\n\nDaj Mu s neba najsvetlije dare,\npolicije, špicle i žandare,\nako neće da dušmana svali,\nbar na svome nek srce iskali.\n\nNek narodi našu slavu znadu,\na nas puste čmavati u hladu,\nal’ i onda nek je straža jaka,\njera ima sana svakojaka.',2019),(4,4,'Zimska pesma','Zima, zima, e pa šta je,\nAko j zima, nije lav!\nZima, zima, pa neka je,\nNe boji se ko je zdrav!\n\nHajd napolje momak ko je,\nTamo veje krupan sneg,\nVišen onde navejo je\nČitav bedem, čitav breg.\n\nA šta može zima meni,\nŠta mi može, šta mi sme?!\nNek mi nosić pocrveni,\nEto to je, to je sve!\n\nSeka Zorka, nemoj stati,\nTvoj nek bude prvi red\nSad ćemo se zagrejati,\nČučni samo na taj led!\n\nGle sad žive železnice,\nTo je trka, to je let!\nZbogom ptice krilatice,\nNaš je sada ceo svet!',2019),(5,4,'Kaži mi kaži','Kaži mi, kaži,\nKako da te zovem\nKaži mi, kakvo\nIme da ti dam,\nHoću li reći:\n“Diko”, ili “snago”\nIli ću “lane”\nIli “moje blago”\nHoću li “dušo”\nIli “moje drago”\nKaži mi, kakvo\nIme da ti dam!\nSve su to mila\nImena i lepa\nKojima Srbin\nSvome zlatu tepa\nAl” ja bih proveo\nČitav jedan vek,\nTražeći lepše,\nDičnije i slađe,\nMilije ime,\nŠto još ne ču svet,\nDa njim nazovem\nMoj rumeni cvet.',2019),(6,4,'Gaša','Gašo, Gašo, tužan Gašo,\nŠta će s tobom biti?\nGaša htede stolar biti\nTežak mu je svrdo.\nPosle htede kovač biti\nGvoždje mu je tvrdo.\nOn je hteo i tkač biti\nKidaju se konci.\nI lončar je hteo biti\nAl mu smrde lonci.\nZatim htede krojač biti\nAl ga igla bode.\nŠto god Gašan poče radit,\nSve natraške ode!\nGašo, Gašo, lenji Gašo,\nŠta će s tobom biti?\n\nGašo, Gašo, tužan Gašo,\nŠta će s tobom biti?\nGaša htede pekar biti\nVrele su mu peći.\nGaša htede mesar biti\nAl je teško seći.\nProhte mu se čizmar biti\nAl udara čiris,\nJoš i ratar htede biti\nAl mu smeta kiriš\nTad ćurčija htede biti\nOpet igla bode\nšto god Gašan poče radit,\nSve sunovrat ode!\nGašo, Gašo, lenji Gašo,\nŠta će s tobom biti?\n\nGašo, Gašo, tužan Gašo,\nŠta će s tobom biti?\nGaša j mnogo započinjo,\nAl ni jedno ne dočinjo.\nE tako su leta prošla\nGaši starost došla.\nSad gladuje i jauče,\nPlače, viče, huče\n“O mladosti, lepo doba,\nLudo li ti prodje,\nKuku, lele, tužan Gašo,\nDo čega li dodje!”\nTeško svakom koji ne zna\nRada i zanata,\nGladovanje, jadovanje\nNeradu je plata.',2019),(8,1,'Mila','Mila naša unučice,\nnauči pa znaj,\nlepe pesme što napisa,\nčika Jova Zmaj.\n\nМила наша унучице,\nнаучи па знај,\nлепе песме што написа,\nчика Јова Змај.\n\nMila, our dear,\nWe would like you hear,\nChika Jova songs,\nPointing to wrongs.\n',2019),(9,5,'Strepnja','Ne, nemoj mi prići\nHoću izdaleka\nda volim i želim tvoja oka dva.\nJer sreća je lepa samo dok se čeka,\ndok od sebe samo nagoveštaj da.\n\nNe, nemoj mi prići\nIma vise draži\nova slatka strepnja, čekanje i stra’.\nSve je mnogo lepse donde dok se traži,\no čemu se samo tek po slutnji zna.\n\nNe, nemoj mi prići\nNašta to i čemu?\nIzdaleka samo sve ko zvezda sja;\nizdaleka samo divimo se svemu.\nNe, nek mi ne priđu oka tvoja dva.',2019),(10,5,'Tražim pomilovanje','Tražim pomilovanje za zgužvane misli\nZa one koji su se izgubili\ni svoje srce stisli.\n\nZa one koji klecaju pod teretom svog bremena\nI koji ne znaju da za sve treba vremena\nZa one koji hoće da na prečac postignu mnogo.\n\nTražim pomilovanje za one koji beže od života\nI koji su zaslepljeni idejom\nDa postoji divota\nJedino izvan naše planete\n\nZa one koji beže kao dete\nKad se pred njima ukaže problem\nKojem u oči treba pogledati.\n\nTražim pomilovanje za one koji sami sebe ne razumeju\nNije zato što ne umeju\nVeć zato što su se udaljili od sebe\nI što njihovo srce težak teret grebe\nŠto su ga sami sebi natovarili.',2019),(11,5,'Prolećna pesma','Osećam večeras, dok posmatram laste\nI pupoljke rane,\nKako srce moje polagano raste,\nKo vidik u lepe nasmejane dane;\n\nKako s mladim biljem postaje sve veće\nI lako ko krilo,\nI kako mu celo jedno nebo sreće\nI pakao bola ne bi dosta bilo;\n\nKako čezne za svim što bi život mogo\nLepog da mu dade,\nI da mu ničega ne bi bilo mnogo:\nTako su velike čežnje mu i nade.\n\nOsećam da dosad sve je bilo šala\nMoga srca vrela,\nDa još nikom nisam svoju ljubav dala\nKoliku bih mogla i koliku htela;\n\nDa u meni cela nežna plima\nReči nerečeni;\nDa bih srce mogla poklanjati svima,\nI da opet mnogo ostane ga meni.',2019),(12,5,'Molitva za ljubav','Brzo kao kratkovecne cveca liske\ni ova ljubav stace da se kruni i drobi:\nžedan je zaborava tamni vir.\nO, bože, drugi ti se mole za srecu i mir,\na ja: sacuvaj u srcu mom, zarobi,\njucerašnjeg dana nestalni pram.\n\nZaklopi dušu moju sad ko zlatnu\nskrinju, nacini je ljubavi hram.\nO, duša moja ne moli srecu za se –\nsve dosadašnje radosti nek se snište –\nali pobožno ona od tebe ište\nda dan se ovaj od strašnog brodoloma spase.\n\nBez pomoci tvoje povenuce sve brzo\nkao bulka u zrelome žitu i lanu.\nO, bože ne molim za srecu, za radost, za\nslast.\n\nDa bol ovaj ne umre, mene je strah;\nda oganj sveti što u meni planu\nne sagori iznenadno u prah,\nne razbukti se prekonoc u strast.',2019),(13,5,'Krvava bajka','Bilo je to u nekoj zemlji seljaka\nna brdovitom Balkanu,\numrla je mučeničkom smrću\nčeta đaka\nu jednom danu.\n\nIste su godine\nsvi bili rođeni,\nisto su im tekli školski dani,\nna iste svečanosti\nzajedno su vođeni,\nod istih bolesti svi pelcovani,\ni svi umrli u istom danu.\n\nBilo je to u nekoj zemlji seljaka\nna brdovitom Balkanu,\numrla je mučeničkom smrću\nčeta đaka\nu jednom danu.\n\nA pedeset i pet minuti\npre smrtnog trena\nsedela je u đačkoj klupi\nčeta malena\ni iste zadatke teške\nrešavala: koliko može\nputnik ako ide peške…\ni tako redom.\n\nMisli su im bile pune\nistih brojki\ni po sveskama u školskoj torbi\nbesmislenih ležalo bezbroj\npetica i dvojki.\nPregršt istih snova\ni istih tajni\nrodoljubivih i ljubavnih\nstiskali su u dnu džepova.\n\nI činilo se svakom\nda će dugo,\nda će vrlo dugo\ntrčati ispod svoda plava\ndok sve zadatke na svetu\nne posvršava.\n\nBilo je to u nekoj zemlji seljaka\nna brdovitom Balkanu,\numrla je junačkom smrću\nčeta đaka\nu istom danu.\n \nDečaka redovi celi\nuzeli se za ruke\ni sa školskog zadnjeg časa\nna streljanje pošli mirno\nkao da smrt nije ništa.\nDrugova redovi celi\nistog časa se uzneli\ndo večnog boravišta.',2019),(14,6,'Išli smo u Afriku','Išli smo u Afriku \nda sadimo papriku \n\nznate onu žutu \nfinu ali ljutu. \n\nJednogrba kamila \nzačas se pomamila, \n\nodmah se tu stvorila \ni debela gorila, \n\nonaj majmun sa grane \nmisli to su banane, \n\ni zebra je videla \njako joj se svidela, \n\ngrize gladni papagaj \nmisli neko voće fraj, \n\nvideli smo žirafu misli \nmeze uz kafu..\n\nNi reč nisu kazali, \nsve su začas smazali, \n\nništa nisu slutili, \npa su se zaljutili.. \n\nSad kuka pola Afrike \nzbog banatske paprike, \n\nznate one žute \nfine ali ljute..',2019),(16,6,'Miš je dobio grip','Miš je dobio grip, \npa je seo u džip, \ni prevalio put dugačak \nda ga pregleda doktor Mačak. \n\nDoktor pacijenta štipnu, \npacijent nešto zucnu, \ndoktor mu leđa pipnu, \nzatim ga u čelo kucnu: \n\nSa moje tačke gledišta \nnije ti ništa!! \n\nTo kaza \npa ga smaza.',2019),(17,6,'Dete','Dete nije dete\nigračka za strine i tete,\ndete je dete\nda ga volite i razumete.\n\nNećete mi verovati\ni veliki pesnik Gete\nnekada je bio beba\ni veoma nemirno dete.\n\nBrkati hajduk Veljko\nšto je zlotvoru prašio pete\nu početku je sisao palac\ni bio nemoguće dete.\n\nJunaci kosmosa\nšto lete na druge planete\nprvo su sedeli na nošama\na posle su seli u rakete.\n\nDete nije dete\nigračka za strine i tete,\ndete je dete\nda ga volite i razumete .',2019),(18,6,'Lepa Kata','Bila jednom jedna Kata\nu Perlezu blizu Čente\nlepa kao sa plakata\npa i lepša na momente.\n\nImala je oči plave\noriginal morska plavet,\nnosaše ih posred glave\ntako da ti stane pamet.\n\nImala je lepa Kata\nuz lepotu sto dukata\npa je bila tatamata\nza sve momke iz Banata.',2019),(20,6,'Braću ne donose rode','Jednog dana rešio moj tata\nza rođendan da mi kupi brata.\n\nPitao je u dućanu\ngde prodaju suvu hranu\ni kupus iz Srema,\nal rekli su mu nema..\n\nTražio je u Banatu\ni u jednom internatu,\nobišao Crnu Goru,\nronio po plavom moru,\nposetio one vode\nšto somove proizvode\ngde se šaran sprema,\nal rekli su mu nema..\n\nOnda jednog lepog dana\ndođe mama nasmejana\npravo iz porodilišta\nkao da to nije ništa,\ni reče sa vrata:\nDonosim ti brata.\n\nA tata?\n\nA tata zborit ode,\ndosta je bilo bajke,\nbraću ne donose rode,\nveć ih rađaju majke.\n',2019),(21,7,'Srbija','\nJa znam sva tvoja lica, svako šta hoće, šta nosi,\ngledao sam sve tvoje oči, razumem sta kažu, šta kriju.\nJa mislim tvoju misao za čelom ti u kosi,\nja znam tvoja usta šta ljube, šta piju.\nEj, piju od tuge, od znoja, od muke,\nod noći, od sijerka koji se teško melje.\nJa sam u mlinu, sred buke\nžrvnja, čuo sve tvoje želje\ni brige tvoje, oj, Srbijo među pesmama među šljivama\noj, Srbijo među ljudima\nna njivama,\noj, Srbijo među pesmama, među stadima,\noj, Srbijo, pesmo među narodima.\nPesmo tužna, meka si milošta\nšto plače kao krv grožđa, kao suza mosta,\nkao onaj poljubac, onaj miris perja što utka\nu gugutanje svoje gugutka.\nOj, milošto meka, klik si divlje plovke\nnad jarom iz koje stasa\ncrveni ugalj sunca\nu zrnu svakog klasa,\nali bosa pesmo gluve žalopojke,\nkad prestaju pesme, kad počinju psovke?\nGladna ruke, slepe jadikovke,\nkad će hajduk bune iz tebe da grune?\nPsovke i psovke, ej, u čije zdravlje\nzalud je oranje, zalud je letina?\nKletve i kletve, za čije je truplo kravlje\nnabrekla Mačva od žita, oteklo Pomoravlje,\nbure u bune, za čije se zube lavlje\ndimi od mleka ovca i dimi planina,\nkad Mačva nije sita, kad Mačva nije sita?\nKroz mukle lance dana, koža suvonjavih.\nSvu su je proderali duboki rovovi bora.\nOd rovovskog rata od zemlje poplavi\ni skori se lice preko gladi - kora;\nto lice što nije lice, ti dani što nisu dani,\nti dani ranjenih lica, ta lica kao tabani;\ntrnje im ne može ništa i ništa - udari…\nA svako od tuge za dan\nkao vek čitav ostari\n\nI zbrčka se, oj, Srbijo među bunama, među šljivama,\noj, Srbijo među ljudima\nna njivama,\noj, Srbijo među pesmama, među brdima,\noj, Srbijo,\npesmo među narodima.\nTužna pesmo, majko stara,\nbrat nam je u taljigama dovukao iz grada\nkamenu ploču, kamenog dinara,\nza med našeg znoja, vino našeg rada.\nA đikaju deca u lazigaćama, pod kosom,\nu blatu, među svinjama, među patkama,\nhraniš ih, Srbijo, druže, više prosom, više postom,\nviše bajkama, uspavankama, više gatkama,\ni pokrivaš ih mrakom što tako teško pada\nda gnev po cele noći do oblaka pali\nbunom iz koliba, polja, vinograda,\npevajući srcem što sebe ne žali\nniz sedmu rupu na krajnjoj svirali,\noj, Srbijo među bunama, među šljivama,\noj, Srbijo među ljudima\nna njivama,\noj, Srbijo među pesmama u grudima,\noj, Srbijo,\nbuno među narodima.',2019),(22,7,'Hana','Ja, sin mutnoga lovca, i vidra i ovca,\nzavoleo sam u gradu kolonijalnu Hanu,\nkćer tužnoga trgovca, jevreja udovca,\nkraj groblja što je držao bakalnicu i mehanu.\n\nProbudila me ko šumu blistavi kreket raketa\ni sad slep sam za vas, zrikavi šatrovci.\nLjubav je tako sama i tako puna sveta.\nLjubav je svetionik i spaseni pomorci.\n\nOd nje mi gore oči - žarulje sred rulje,\nod nje zru more i mreže, ribe i ribolovci,\nkonopcem vodopada pužu sa njom jegulje\ni cvrkuću zlikovci ko vrapci i osnovci.\n\nO, šta sve nisam snio i šta sve nisam bio\nsa ćoravom Ćorom u društvu Bogoslovca.\nI ono što nisam pio, što nisam razbio,\nplaćo sam od svoga detinjastog novca.\n\nNo sad volim i kad volim, volim od neba do ruke\ns kojom mi ljubav s dna mora izvlači brodolomca\ni nadima strojeve, oživljuje sanduke\ni kida rešetke da čelom rušim dvorce,\n\nda tragam pokrovce, otkrivam letnjikovce\ni nebo s kog sam prstom tanjir sunca skino,\nkad sam sunce i kosti, grobara i rovca\nposlo u krčmu da piju devojačko vino.\n\nHano, barko moja, zaplovimo put tropa\nu prašume međ pume, zatigrimo se u leta\nNeka ljubav u sunce tvog trbuha zakopa\nmoju snežnu planinu prstima suncokreta.\n\nNek korak te noge i ruke, naježen zaveslaj trireme\nbes mora osedla ponovo i rastavi,\niskapi i progutaj, izabrana, vreme\nšto se ko beli medved međ zubima tvojim kravi,\n\nda iz vrča rujna, sva biljna, sva bujna\nšikneš i osvežiš jedra iznemogla.\nO, biljko, ti svetiljko, burna i olujna,\nti si mi dah pronašla i srcem pomogla.\n\nNek tvoje bude sve, daj meni sunovrate,\nodrpane prevrate i ljute koprive.\nŽiveću ko pećine, ko zveri što pate,\nko svi čije su oči uvek žalostive,\n\njer ne znaju još sve, šta ljubav može znati,\na žele sve spoznati, grliti grljive\ngolje, što sakati, zebu golovrati\ni znaju žar dati za snove nasrtljive,\n\nda u miru umru, iz petnih žila da žive\ni pevaju pesme kao grom grlate,\ndo kapi da iskape devojke pohotljive,\n\ndo kraja da sagore usnice mesnate:\nda se ne povrate iz koščatih daljina\nna zemlju, ko zločinci, na mesto zločina.',2019),(23,8,'Plavi čuperak','Plavi čuperak obično nose\nneko na oku,\nneko do nosa,\nal ima jedan čuperak plavi\nzamislite gde?\n- U mojoj glavi.\n\nKako u glavi da bude kosa?\n\nLepo.\nU glavi.\nTo nije moj čuperak plavi,\nveć jedne Sanje iz šestog “a”\n\nPa šta?\n\nVidećeš šta – kad jednog dana\nčuperak nečije kose tuđe\nmalo u tvoju glavu uđe,\npa se umudriš,\nudrveniš,\npa malo – malo… pa pocrveniš,\npa grickaš nokte\ni kriješ lice\npa šalješ tajne ceduljice,\npa nešto kunjaš,\npa se mučiš,\npa učiš – a sve koješta učiš.\n\nIzmešaš rotkve i romboide.\nIzmešaš nokte i piramide.\nIzmešaš leptire i gradove.\nI sportove i ručne radove.\nI tropsko bilje.\nI stare Grke.\nI lepo ne znaš šta ćeš od muke.\n\nSad vidiš šta je čuperak plavi\nkad ti se danima mota po glavi,\npa od dečaka- pravog junaka\nnapravi tunjavka i nespretnjaka.',2019),(24,8,'Tatina pesma','Uzalud preturaš prašnjave slike\ni tražiš mamine oči na njima.\n\nNađeš ih,\nali to nije mama,\niako hartija na nju liči.\n\nMama je za tebe nešto drugo:\nto izmišljeno, što se ima\ntek sad,\nkad živimo ovako bez nje\nu ovoj muškoj samačkoj priči.\n\nNe znam da li ćeš moći da shvatiš:\nljudi se rode,\nžive\ni sretnu.\nI čini im se našli su sreću\ni neku zvezdu istovetnu.\n\nA posle:\nzvezda počne da rđa\ni počnu prepirke ko je kriv.\n\nI mama tati odjednom tuđa.\nI tata mami jadan i siv.\n\nI tonu brakovi ko trošne lađe.\nI trunu na dnu tuđih mora.\n\nI mama drukčije nebo nađe.\n\nA živeti se i dalje mora,\nmada sve na nju svaki dan seća;\nkud god se okreneš: njen je dah.\n\nI sanjaš tu je,\nna tvom uzglavlju,\ni nežna i brižna u isti mah.\n\nVeruj mi,\nbilo je u početku\nlepog u meni i u mami.\nZaboravimo ružne stvari\nOne odavno ne postoje.\n \nDok tako živimo ko dva drugara,  \nzar ti se čini da smo sami?  \nZar nisam nešto sasvim tvoje?  \nZar nisi nešto sasvim moje?\n\nI nemoj da mi tunjavo šmrkaš\ndok tražiš između prašnjavih slika.\n\nMama – to nije parče papira\nna kom se zabeli lepote trag.\n\nProviri malo u ogledalo:\npoznaćeš nešto od njenog lika,\nkao što i ja često prepoznam\nu sebi nekog ko mi je drag.\n\nAko se sretnete u životu,\nti, koji o njoj sad bajku stvaraš,\nobriši bore sa njenog lica\ni nemoj da se razočaraš.\n\nZnaj, sve se menja.\nPa i mame.\nZgaze ih godine.\nSjaj im pokradu.\n\nAl ti je,\nda bi postao čovek,\nu sebi zbog sebe čuvati moraš\nizmišljenu i večno mladu.',2019),(25,9,'Santa Maria della Salute','Oprosti, majko sveta, oprosti,\nšto naših gora požalih bor,\nna kom se, ustuk svakoj zlosti,\nblaženoj tebi podiže dvor;\nprezri, nebesnice, vrelo milosti,\nšto ti zemaljski sagreši stvor:\nKajan ti ljubim prečiste skute,\nSanta Maria della Salute.\n\nZar nije lepše nosit’ lepotu,\nsvodova tvojih postati stub,\nnego grejući svetsku lepotu\nu pep’o spalit’ srce i lub;\ntonut’ o brodu, trunut’ u plotu,\nđavolu jelu a vragu dub?\nZar nije lepše vekovat’ u te,\nSanta Maria della Salute?\n\nOprosti, majko, mnogo sam strad’o,\nmnoge sam grehe pokaj’o ja;\nsve što je srce snivalo mlado,\nsve je to jave slomio ma’,\nza čim sam čezn’o, čemu se nad’o,\nsve je to davno pep’o i pra’,\nna ugod živu pakosti žute,\nSanta Maria della Salute.\n\nTrovala me je podmuklo, gnjilo,\nal’ ipak neću nikoga klet’;\nštagod je muke na meni bilo,\nda nikog za to ne krivi svet:\nJer, što je duši lomilo krilo,\nte joj u jeku dušilo let,\nsve je to s ove glave sa lude,\nSanta Maria della Salute!\n\nTad moja vila preda me granu,\nlepše je ovaj ne vide vid;\niz crnog mraka divna mi svanu,\nk’o pesma slavlja u zorin svit,\nsvaku mi mahom zaleči ranu,\nal’ težoj rani nastade brid:\nŠta ću od milja, od muke ljute,\nSanta Maria della Salute?\n\n\nOna me glednu. U dušu svesnu\nnikad još takav ne sinu gled;\ntim bi, što iz tog pogleda kresnu,\nsvih vasiona stopila led,\nsve mi to nudi za čim god čeznu’,\njade pa slade, čemer pa med,\nsvu svoju dušu, sve svoje žude,\n— svu večnost za te, divni trenute!\n— Santa Maria della Salute.\n\nZar meni jadnom sva ta divota?\nZar meni blago toliko sve?\nZar meni starom, na dnu života,\nta zlatna voćka što sad tek zre?\nOh, slatka voćko, tantalskog roda,\nšto nisi meni sazrela pre?\nOprosti meni grešne zalute,\nSanta Maria della Salute.\n\nDve u meni pobiše sile,\nmozak i srce, pamet i slast.\nDugo su bojak strahovit bile,\nk’o besni oluj i stari hrast:\nNapokon sile sustaše mile,\nvijugav mozak održa vlast,\nrazlog i zapon pameti hude,\nSanta Maria della Salute.\n\nPamet me stegnu, ja srce stisnu’,\nutekoh mudro od sreće, lud,\nutekoh od nje — a ona svisnu.\nPomrča sunce, večita stud,\ngasnuše zvevde, raj u plač briznu,\nsmak sveta nasta i strašni sud. —\nO, svetski slome, o strašni sude,\nSanta Maria della Salute!\n\nU srcu slomljen, zbunjen u glavi,\nspomen je njezin sveti mi hram.\nTad mi se ona od onud javi,\nk’o da se Bog mi pojavi sam:\nU duši bola led mi se kravi,\nkroz nju sad vidim, od nje sve znam,\nza što se mudrački mozgovi mute,\nSanta Maria della Salute.\n\nDođe mi u snu. Ne kad je zove\nsilnih mi želja navreli roj,\nona mi dođe kad njojzi gove,\ntajne su sile sluškinje njoj.\nNavek su sa njom pojave nove,\nzemnih milina nebeski kroj.\nTako mi do nje prostire pute,\nSanta Maria della Salute.\n\nU nas je sve k’o u muza i žene,\nsamo što nije briga i rad,\nsve su miline, al’ nežežene,\nstrast nam se blaži u rajski hlad;\nstarija ona sad je od mene,\ntamo ću biti dosta joj mlad,\ngde svih vremena razlike ćute,\nSanta Maria della Salute.\n\nA naša deca pesme su moje,\ntih sastanaka večiti trag;\nto se ne piše, to se ne poje,\nsamo što dušom probije zrak.\nTo razumemo samo nas dvoje,\nto je i raju prinovak drag,\nto tek u zanosu proroci slute,\nSanta Maria della Salute.\n\nA kad mi dođe da prsne glava\no mog života hridovit kraj,\nnajlepši san mi postaće java,\nmoj ropac njeno: “Evo me, naj!”\nIz ništavila u slavu slava,\niz beznjenice u raj, u raj!\nU raj, u raj, u njezin zagrljaj!\nSve će se želje tu da probude,\ndušine žice sve da progude,\nzadivićemo svetske kolute,\nzvezdama ćemo pomerit’ pute,\nsuncima zasut’ seljanske stude,\nda u sve kute zore zarude,\nda od miline dusi polude,\nSanta Maria della Salute.',2019),(26,10,'Svakidašnja jadikovka','Kako je teško biti slab,\nkako je teško biti sam,\ni biti star, a biti mlad !\n\nI biti slab, i nemoćan\nsam bez igdje ikoga,\ni nemiran, i očajan.\n\nI gaziti po cestama,\ni biti gažen u blatu,\nbez sjaja zvijezde na nebu.\n\nBez sjaja zvijezde udesa\nsto sijaše nad kolijevkom\nsa dugama i varkama.\n\n--O Bože, Bože, sjeti se\nsvih obećanja blistavih\nšto si ih meni zadao.\n\nO Bože, Bože, sjeti se\ni ljubavi, i pobjede\ni lovora i darova.\n\nI znaj da Sin tvoj putuje\ndolinom svijeta turobnom\npo trnju i po kamenju,\n\nod nemila do nedraga,\ni noge su mu krvave,\ni srce mu je ranjeno.\n\nI kosti su mu umorne,\ni duša mu je žalosna,\ni on je sam i zapušten.\n\nI nema sestre ni brata,\ni nema oca ni majke,\ni nema drage ni druga.\n\nI nema nigdje nikoga\ndo igle drača u srcu\ni plamena na rukama.\n\nI sam i samcat putuje\npod zatvorenom plaveti,\npred zamračenom pučinom,\n\ni komu da se potuži?\nTa njega nitko ne sluša,\nni braća koja lutaju.\n\nO Bože, žeže tvoja riječ\ni tijesno joj je u grlu,\ni željna je da zavapi.\n\nTa besjeda je lomača\ni dužan sam je viknuti,\nili ću glavnjom planuti.\n\nPa nek sam krijes na brdima,\npa nek sam dah u plamenu,\nkad nisam krik sa krovova !\n\nO Bože, tek da dovrši\npečalno ovo lutanje\npod svodom koji ne čuje.\n\nJer meni treba moćna riječ,\njer meni treba odgovor,\ni ljubav, ili sveta smrt.\n\nGorak je vijenac pelina,\nmračan je kalež otrova,\nja vapim žarki ilinštak.\n\nJer mi je mučno biti slab,\njer mi je mučno biti sam\n(kada bih mogao biti jak,\n\nkada bih mogao biti drag),\nno mučno je, najmučnije \nbiti već star, a tako mlad!',2019),(27,11,'Otadžbina','I ovaj kamen zemlje Srbije,\nšto, preteć suncu, dere kroz oblak,\nsumornog čela mračnim borama\no vekovečnosti priča dalekoj,\npokazujući nemom mimikom\nobraza svoga brazde duboke.\n\nVekova tamnih to su tragovi,\nte crne bore, mračne pećine;\na kamen ovaj, ko piramida\nšto se iz praha diže u nebo,\nkostiju kršnih to je gomila,\nšto su u borbi protiv dušmana\ndedovi tvoji voljno slagali,\nlepeći krvlju srca rođenog\nmišica svojih kosti slomljene,\nda unucima spreme busiju,\noklen će nekad smelo, preziruć,\ndušmana čekat čete grabljive.\n\nI samo dotle, do tog kamena,\ndo tog bedema,\nnogom ćeš stupit, možda, poganom.\nDrzneš li dalje?... Čućeš gromove\nkako tišinu zemlje slobodne\nsa grmljavinom strašnom kidaju;\nrazumećeš ih srcem strašljivim\nšta ti sa smelim glasom govore,\npa ćeš o stenja tvrdom kamenu\nbrijane glave teme ćelavo\nu zanosnome strahu lupati...\nAl jedan izraz, jednu misao,\nčućeš u borbe strašnoj lomnjavi:\nOtadžbina je ovo Srbina!...',2019),(28,11,'Na Liparu','Jeste li mi rod, siročići mali?\nIl su i vas, možda, jadi otrovali?\nIli vas je, slabe, progonio svet, -\npa dođoste samo, da kad ljude znamo,\nda se i mi malo bolje upoznamo,\nu dvopevu tužnom pevajući set?...\n\n    Mi smo male,\n    al smo znale\n    da nas neće\n    niko hteti,\n    niko smeti\n    tako voleti\n    Kao ti...\n    - Ćiju ći!\n\nMoje ptice lepe, jedini drugari,\nu novome stanu poznanici stari,\nsrce vam je dobro, pesma vam je med;\nali moje srce, ali moje grudi\nledenom su zlobom razbijali ljudi,\npa se, mesto srca, uhvatio led.\n\n    S belom bulom,\n    sa zumbulom,\n    šaren-rajem,\n    rajskim majem,\n    cvećem, mirom,\n    sa leptirom,\n    letimo ti mi\n    srca topiti...\n    - Ćiju ći!\n\nMoje ptice male, jadni sirotanci,\nprošli su me davno moji lepi dani,\nuvelo je cveće, odbego me maj,\na na duši osta, ko skrhana biljka,\nil ko tužan miris uvelog bosiljka,\njedna teška rana, težak uzdisaj.',2019),(29,12,'Što te nema?','Kad na mlado poljsko cvjeće\n    Biser niže ponoć nijema,\nKroz grudi mi želja lijeće:\n    \"Što te nema, što te nema?\"\n\nKad mi sanak pokoj dade\n    I duša se miru sprema,\nKroz srce se glasak krade:\n    \"Što te nema, što te nema?\"\n\nVedri istok kad zarudi\n    U trepetu od alema,\nI tad duša pjesmu budi:\n    \"Što te nema, što te nema?\"\n\nI u času bujne sreće\n    I kad tuga uzdah sprema,\nMoja ljubav pjesmu kreće:\n    \"Što te nema, što te nema\"...\n\n',2019),(30,12,'Emina','Sinoć, kad se vratih iz topla hamama,\nProđoh pokraj bašte staroga imama;\nKad tamo, u bašti, u hladu jasmina,\nS ibrikom u ruci stajaše Emina. \n\nJa kakva je, pusta! Tako mi imana,\nStid je ne bi bilo da je kod sultana!\nPa još kada šeće i plećima kreće...\n- Ni hodžin mi zapis više pomoć neće! \n\nJa joj nazvah selam. al moga mi dina\nNe šće ni da čuje lijepa Emina,\nNo u srebren ibrik zahitila vode\nPa po bašti džule zalivati ode; \n\nS grana vjetar duhnu pa niz pleći puste\nRasplete joj one pletenice guste,\nZamirisa kosa ko zumbuli plavi,\nA meni se krenu bururet u glavi! \n\nMalo ne posrnuh, mojega mi dina,\nNo meni ne dođe lijepa Emina.\nSamo me je jednom pogledala mrko,\nNiti haje, alčak, što za njom crko!...',2019),(31,13,'Pevam Danju, Pevam Noću','\nPevam danju, pevam noću,\nPevam sele, što god hoću;\nI što hoću, to i mogu,\nSamo jedno još ne mogu:\nDa zapevam glasovito,\nGlasovito, silovito,\nDa te dignem sa zemljice,\nDa te metnem međ zvezdice.\nKad si zvezda, sele moja,\nDa si među zvezdicama,\nMeđu svojim, sele moja,\nMilim sestricama. ',2019),(32,13,'Девојка на студенцу','Kад сам синоћ овде била\nИ водице заитила,\nДође момче црна ока\nНа коњицу лака скока,\nПоздрави ме, зборит оде:\n„Дајде, селе, мало воде!“\nОве речи — слатке стреле —\nМинуше ми груди беле,\nСкочи млада, њему стиго,\nДиго крчаг, руку диго,\nРука дркта — крчаг доле —\nОде на две — на три поле.\nЈош од њега леже црепи,\nАли де је онај лепи?\nКад би сада опет дошô,\nМа и овај други прошô!\n\n(1843, јул)',2019),(33,13,'Kad mlidijah umreti','Lisje žuti veće po drveću,\nLisje žuti dole veće pada,\nZelenoga više ja nikada\nVidet neću!\n\nGlava klonu, lice potavnilo,\nBolovanje oko mi popilo,\nRuka lomna, telo izmoždeno,\nA kleca mi slabačko koleno!\nDođe doba da idem u groba.\n\nZbogom žitku, moj prelepi sanče!\nZbogom zoro, zbogom, beli danče!\nZbogom, svete, nekadanji raju. —\nJa sad moram drugom ići kraju!\nO, da te tako ja ne ljubljah žarko,\nJoš bih gledo tvoje sunce jarko, —\nSlušo groma, slušao oluju,\nČudio se tvojemu slavuju,\ntvojoj reci i tvojem izvoru, —\nMog života vir je na uviru!\n\nO, pesme moje, jadna siročadi,\nDeco mila mojih leta mladi!\nHtedoh dugu da sa neba svučem,\nDugom šarnom da sve vas obučem,\nDa nakitim sjajnijem zvezdama,\nDa obasjam sunčanim lučama ...\n\nDuga bila, pa se izgubila,\nzvezde sjale, pa su i presjale,\nA sunašce ono ogrijalo\nI ono je sa neba mi palo!\nSve nestade što vam dati spravlja—\nU traljama otac vas ostavlja.',2019),(34,14,'ZDRAVICA ','Sve što raste \nhtelo bi da raste... \n- Neka raste, \ni treba da raste! \n\nSve što cveta \nhtelo bi da cveta... \n- Neka cveta, \ni treba da cveta! \n\nNeka gleda \nsve što ima oko, \nsvako krilo \nnek leti visoko! \nLeteti, leteti, lepo je leteti! \nŽiveti, živeti, lepo je živeti! \n\nSve što leti \nhtelo bi da leti... \n- Neka leti, \ni treba da leti! \nSve što peva \nhtelo bi da peva... \n- Neka peva, \ni treba da peva! \n\nNeka skače \nsve što ima nogu, \nneka trče \nsvi koji to mogu! \nSkakati, skakati, lepo je skakati! \nŽiveti, živeti, lepo je živeti! \n\nSve što trči \nhtelo bi da trči... \n- Neka trči, \ni treba da trči! \nSve što kljuca \nhtelo bi da kljuca... \n- Neka kljuca, \ni treba da kljuca! \n\nNeka peva \nsve što ima glas, \nniko lepše, \nvedrije od nas. \nPevati, pevati, lepo je pevati! \nŽiveti, živeti, lepo je živeti! \n\nŽIVELI! ',2019),(35,14,'Strašan lav','Bio jednom jedan lav...\nKakav lav?\nStrašan lav,\nnarogušen i ljut sav!\n\nStrašno, strašno!\nIšao je na tri noge,\ngledao je na tri oka,\nslušao je na tri uva...\n\nStrašno, strašno!\n\nNe pitajte šta je jeo.\nTaj je jeo šta je hteo\n- tramvaj ceo\ni oblaka jedan deo!\n\nStrašno, strašno!\n\nZubi oštri, pogled zao,\non za milost nije znao!\n\nStrašno, strašno!\n\nDok ga Brana\njednog dana\nnije gumom izbrisao.\n\nStrašno, strašno!',2019),(36,14,'Plavi zec','Tri sam zemlje prelazio,\ni tri gore pregazio,\ni tri mora preplivao –\ndok ga nisam ulovio,\nPlavog zeca,\nčudnog zeca,\njedinog na svetu.\nOvaj zec\nzna da svira,\novaj zec\nzna da plete,\novaj zec\nručak kuva,\novaj zec\nkuću mete.\nOvaj zec\nplesti ume,\novaj zec\nžeti ume,\novaj zec\nšiti, piti\ni francuski govoriti\n– sve razume!\nPlavi zec,\nčudni zec,\njedini na svetu!\nJa ga htedoh vama dati\nda vas mije,\nda vam šije,\nda vam kroji,\nda vam broji,\nda vam plete,\nda vam mete,\nda vam kuva,\nda vas čuva,\nda vam peva,\nslike šara\ni francuski razgovara.\nPlavi zec,\nčudni zec,\njedini na svetu!\nStavih zeca u torbak,\npa požurim svojoj kući.\nAl kad bismo ispred kuće,\nstade zečić da šapuće:\n– Pusti me, lovče,\nhrabri lovče,\nda očešljam kosu,\nda umijem lice,\nda isečem nokte,\nda ispravim stas,\nda udesim glas.\nNek vide deca\nplavog zeca,\nčudnog zeca,\njedinog na svetu!\nPustih zeca iz torbaka –\nal se zec ne očešlja,\nal se zec ne umi,\nnit iseče nokte,\nnit ispravi stas,\nnit dotera glas.\nVeć pobeže, oj nesrećo,\nna kraj sveta, oj nevoljo!\nPlavi zec,\nčudni zec,\njedini na svetu!',2019),(38,14,'Mali život','Dok neko pije\n- ja pijuckam.\n\nDok neko grize\n- ja samo grickam.\n\nDok neko glođe\n- ja samo glockam.\n\nDok neko bode\n- ja samo bockam.\n\nDok neko peva\n- ja pevuckam.\n\nDok neko drema\n- ja dremuckam.\n\nDok neko radi\n- ja raduckam.\n\nI tako malo, sitno - živuckam.',2019),(39,15,'Ne ruši sve mostove','Ne ruši sve mostove, možda ćeš se vratiti.\nNisi ptica ni leptir obalom što leti,\nKad nema mostova uzalud je čeznuti,\nUzalud je shvatiti, uzalud je hteti.\nNe ruši sve mostove, možda ćeš se vratiti.\nOstavi bar jedan most između srca i mene.\nU samoći je lakše neshvaćeno shvatiti,\nMogle bi te nazad nagnati uspomene...\n\n',2019),(40,15,'Ni bogova ni molitava','Ni bogova ni molitava!\nPa ipak biva ponekad da čujem\nNešto kao molitven šapat u sebi.\nTo se moja stara i večno živa želja\nJavlja odnekud iz dubina\nI tihim glasom traži malo mesta\nU nekom od beskrajnih vrtova rajskih,\nGde bih najposle našao ono\nŠto sam oduvek uzalud tražio ovde:\nŠirinu i prostranstvo, otvoren vidik,\nMalo slobodna daha.',2019),(41,15,'1914','U polutami i tišini\nBez snova noći, bez mira danâ.\nLagano je zaboravljala\nMoja duša u vjencu rana.\nAl’ jutros, s prvim zrakom sunca\nZacvilje spomen strašnim glasom\nI krv zapišta iz svih rana:\nUnijeli su mi krčag vode\nI prvi put sam, sa užasom,\nNa mračnoj vodi ugledao\nSvoj lik, ispijen, blijed, i zao.\n',2019),(42,15,'San Marino','Žal plamti. Lagan dašak. Uz kamen pjeva voda;\nPozdrav daljina izdiše podno mojih nogu,\nA oči su mi zasjenili sjaj i boja\nNeba i mora,\nTako sam te uvijek sanjao,\nŽivote, u žeženom zlatu i hladnoj modrini,\nU hitrom crvenom ritmu što pod grlom bije,\nU bogatoj igri zraka, mišića, sjajnih voda,\nU mirnom kretu tetiva i zglobova\nI u laganom, dostojanstvenom, čistom\nGibanju sunčanih sati.\nDahne zenlja vrelinom života\nBezimenog i silnog;\nMene su njegove moćne ruke\nKo zlatnu čašu iz tame iznijele,\nI pun sam slave, ljepote i sile nebesa, mora i zemlje.\nKo čedan klas u srpanjskom zlatu\nJa se povijam\nI cjelivam rumeni drhtavi run\nModroga morskog plašta.',2019),(43,15,'Spas','Devet je stotina sutona želelo jednu radost,\nDok sam živeo\nZaboravljen, napušten, prezren,\nGažen ko most nad vodom.\n\nTek jednog večera\nKroz blesak poslednjeg zraka\nMlada meseca, sokova i voda,\nUgleda duh zanesen\nKako večernji oblak dobiva oblik i svest,\nKako se ogromno nebo otvara i sjajem\nNeslućenim\nOduzima jednom zauvek nesrećan dah.\nA Spas, kome se gonjena zver kao i čovek nada,\nGovori svetlošću, neprolaznom harmonijom:\nDa niko nije zaboravljen i sam.\n\n(1920)',2019),(44,15,'Jutro (1919)','Jutro\nPoslije noćne kiše. Svanulo krvavo jutro.\nBlješte vode niz cestu ko male vatre.\n\nPoslije noćne muke,\nO, zašto mi crvenim jutrima\nNavještaš nemirne dane?\nJe li to neka nebeska šala\nSuncu na njegovom putu? – O, lako je suncu,\nNa nevidljivom koncu Tvoje sile hoditi nebom,\nVječno i isto!\nA meni je teško držati korak u svirepoj igri\nSjaja i mraka nad mojom ubogom glavom.\nI, ako je nesvjest konac ko i početak\nTog kratkog sna,\nZašto me budiš crvenim jutrima?\n\n(1919)',2019),(45,15,'Jutro (1915)','(Dan jedan praznih očiju i zamagljena čela.)\n\nToga je jutra crna ptica pjevala u srcu mom:\nbila je – bila! – tvoja mladost\ni sve je prošlo s njom;\nne pohodi nas dvaput radost:\nCrvljivo voće brzo zre;\na sužanj ne zna sunca ni neba\nveć brzo stari i brzo mre. –\n\nToga je jutra zlatna žica prepukla u srcu mom.\n\n(1915)',2019),(46,15,'Koračam Još Kao Da Idem...','Koračam još kao da idem\nnečem u susret, gledam i mislim,\na preda mnom su sve same neminovnosti,\nbez izlaza, bez odlaganja.\nKamen koji može samo\nDa tone.\nZavesa koja se svega jednom spušta,\na nikad ne diže.\nPriča o ptici za koju se zna jedino\nDa je odletela.\nŽivota nema, smrt ne dolazi.\nNeshvatljiva, duga, nepodnošljivo duga, Ljudska sudbina.\n\nBeograd, Maj 1968 ',2019),(47,15,'Jedan Novembar','Studen.Duboka noć.\nZdaleka prozori kuća svetle.\nSvetlost se stazama toči\nKo mnogo tihih sreća\nVezenih na platnu noći.\nVidim kako je dobro\nImati noćas svoj kut,\nSporo i bez svrhe idem,\nGola mi stabla beleže put.\nO dobri ljudi, gorko je meni\nKad bljeste oči vaših sreća\nNa moje mrtvo polje,\nPa ipak sumnjam i ne znam ni noćas\nNi šta je dobro, ni šta je bolje.\nSam svojim dahom grejem smrzle ruke\nI slušam kako vreme neumorno\nOkreće točak, večno i sumorno,\nSvetlost i tamu hiteć da sjedini,\nI pređe pokrov, velik i jedini,\nZa moju sumnju i za vašu veru,\nZa vašu sreću, kao i za moj bol.',2019),(48,15,'Žeđ','Ostadoh te željan jednog ljetnjeg dana,\nO, srebrna vodo, iz tuđega vrela.\nTo je bilo davno.\nSvaka mi je staza danas obasjana\nSuncem i ljepotom. Sreća me je srela.\nIz stotinu vrela žeđ sad moja pije.\nAl mira ne nađoh nigdje, jer me nikad\nVatra prve žeđi ostavila nije.\n\n1920 ',2019),(49,15,'Lili Lalauna','Lala Lula, luna lina\nAla luna lani lana\nAna lili ula ina\nNali ilun liliana\n\nLili ana ul ulana\nLani linu ul nanula\nAnali ni nina nana\nIla ala una nula\n\nAlauna lul il lala\nAlilana, lan, lu, li, la. \nNala nilu nun ninanla\nNala una an anila. \n\n(1950) \n\n*Tako se zvala jedna Grkinja; od slogova njenog imena nicinjena je ova \"pesma\". ',2019),(50,15,'Veo','Hladno zvezdano nebo,\nzapenjeno more i severni vetar.\n\nSam ne znam pravo gde sam,\nkuda bih, ni koga čekam\nu ovoj noći.\n\nOkrenut ledjima pučini, sporo odmičem\nsve dalje u kopno.\n\nAli kad god se okrenem, vidim:\ntamo, ivicom mora,\nvitka i bela žena ide.\nI stanem i gledam kako\nnjen veo vetar nosi.\nNe brzo, ne visoko,\nali sve dalje od mene.\n\n(Maj, 1954)',2019),(51,15,'Sve više, sve bliže','Vidik se tanji, biva svetliji\nI, od svetlosti, sve više – neproziran.\nSve brže i bliže dolazi trenutak\nKad neće više ni biti vidika,\nJer neće biti ni očiju\nKoje ga gledaju.\n\n(1970)\n',2019),(52,15,'Kraj','Septembar.\nSkupocena nagnuta časa\nKojoj ivicu vino kvasi.\nSrce bije sve jače, sve dublje,\nKrv je nemirna jer predoseća\nOno što donosi plodna jesen:\nOdlazak, nestanak, kraj.\n\n(1970)\n\n',2019),(53,16,'Sumatra','Sad smo bezbrižni, laki i nežni.\nPomislimo: kako su tihi, snežni\nvrhovi Urala.\n\nRastuži li nas kakav bledi lik,\nšto ga izgubismo jedno veče,\nznamo da, negde, neki potok\nmesto njega teče!\n\nPo jedna ljubav, jutro, u tuđini,\ndušu nam uvija, sve tešnje,\nbeskrajnim mirom plavih mora,\niz kojih crvene zrna korala,\nkao, iz zavičaja, trešnje.\n\nProbudimo se noću i smešimo, drago,\nna Mesec sa zapetim lukom.\nI milujemo daleka brda\ni ledenegore, blago, rukom.\n\nBeograd, 1920\n',2019),(54,16,'Rastanak kod Kalemegdana','Rastali smo se\ni sišli iz grada.\nKao dve suze, kad naporedo kanu,\nsa naboranog lica.\n\nNa vodi su nas čekale lađe.\nTvoja ode prva.\nMoja je obilazila ostrva.\n\nSedeo sam poguren i crn,\npust\nkao mesečeva senka.',2019),(55,16,'Moja pesma','Duša je moja bogat seljak,\npijan veseljak, u zavičaju.\nMiluje golu ženu što spava, tvrdo, ko pleća gojnih krava,\nu žitu, kud noći pune crnih vrana, padaju.\n\nSvet je prošla samohrana, \nu krvavom plaštu šeržana, \nko ubica.\nStajaše tužna, zavejana, \nna straži, u kapijama, \nbrkata, blago nasmejana.\nKraj crkve tuđe i nepoznate,\nzapaljene,\nu duge, jasne, tople noći,\nkad krekeću žabe barske,\ngrlila je razne žene.    \nA danju je čuvala dvorove carske\ni korakom brojala sate.\n\nNa javi je duša moja bogat seljak, \nveseljak.\n\nSamo u snu, ko Mesec bleda \ni tako ko on nevesela, \npo svetu bludi.\n\nGondola jedna ćutke je skrije \nu bezdane vode Venecije,\nsanu, umornu, razočaranu, \nna karnevalu.\n\nI kad tu njen gitar zazvoni, \nod pesme što plače i voli, \nsvu vodu, zvona, i maske, tamo, \nnoć toliko zaboli:  \nda ućute i pitaju tijo, \n„Kakav je to Slaven bio, \nna Rivi dei Skjavoni?\"\n\nIlanča 1918',2019),(56,17,'Pesma ženi','Ti si moj trenutak i moj sen\ni sjajna moja reč u šumu\nmoj korak i bludnja\ni samo si lepota koliko si tajna\ni samo istina koliko si žudnja.\n\nOstaj nedostižna, nema i daleka\njer je san o sreći više nego sreća.\nBudi bespovratna, kao mladost.\nNeka tvoja sen i eho budu sve što seća.\n\nSrce ima povest u suzi što leva,\nu velikom bolu ljubav svoju metu.\nIstina je samo što duša prosneva.\nPoljubac je susret najlepši na svetu.\n\nOd mog priviđenja ti si cela tkana,\ntvoj plašt sunčani od mog sna ispreden.\nTi beše misao moja očarana,\nsimbol svih taština, porazan i leden.\n\nA ti ne postojiš, nit si postojala.\nRođena u mojoj tišini i čami,\nna Suncu mog srca ti si samo sjala\njer sve što ljubimo - stvorili smo sami.',2019),(57,17,'Ljubav','Je li ovo ljubav, ili bolna jedna\npotreba da ljubim? Ova želja plava,\nje li želja srca moćnoga i čedna?\nIli napor duše koja malaksava?\n\nJe li ovo žena koju ljubim, zbilja?\nIl’ sen na prolasku preko moga puta,\ntumaranje misli bez svesti i cilja,\ni sve delo jednog bolnoga minuta!\n\nNe znam; no na međi toga sna i jave,\nvidim moje srce da čezne i pati.\nI suze kad dođu, rane zakrvave –\nja ni onda od tog ništa neću znati.',2019),(58,1,'Tika taka','Tika taka\ntika taka\n',2019),(59,18,'Three haiku poems','An old silent pond...\nA frog jumps into the pond,\nsplash! Silence again.\n\nAutumn moonlight-\na worm digs silently\ninto the chestnut.\n\nIn the twilight rain\nthese brilliant-hued hibiscus -\nA lovely sunset.',2019),(61,18,'Nazuna','Yoku mireba\nNazuna hana saku,\nKakine kana.\n\nWhen closely inspected,\nThe nazuna is flowering\nBy the hedge.',2019),(62,18,'Pond','古池\n蛙飛び込む\n水の音\n\nfuru ike ya\nkawazu tobikomu\nmizu no oto\n\nAh! The ancient pond \nAs a frog takes the plunge \nSound of …',2019);
/*!40000 ALTER TABLE `poem` ENABLE KEYS */;
UNLOCK TABLES;

--
-- Table structure for table `user`
--

DROP TABLE IF EXISTS `user`;
/*!40101 SET @saved_cs_client     = @@character_set_client */;
/*!40101 SET character_set_client = utf8 */;
CREATE TABLE `user` (
  `id` int(11) NOT NULL AUTO_INCREMENT,
  `name` varchar(45) NOT NULL,
  `email` varchar(100) NOT NULL,
  `password` char(32) NOT NULL,
  `is_admin` tinyint(1) NOT NULL,
  PRIMARY KEY (`id`)
) ENGINE=InnoDB AUTO_INCREMENT=21 DEFAULT CHARSET=utf8;
/*!40101 SET character_set_client = @saved_cs_client */;

--
-- Dumping data for table `user`
--

LOCK TABLES `user` WRITE;
/*!40000 ALTER TABLE `user` DISABLE KEYS */;
INSERT INTO `user` VALUES (1,'Milan Popović','milan.popovic@gmail.com','49e34051a5bb3df733080908649b9ad1',1),(4,'Jovan Jovanovic Zmaj','jovanzmaj@gmail.com','822176b294c4a84456932b4bf9eb7c68',0),(5,'Desanka Maksimovic','desanka@gmail.com','8d8e4cd6e6e8db4cc5c31c54c190cf98',0),(6,'Ljubivoje Rsumovic','ljubivoje@gmail.com','1d69560fb863a7dab0325769a75c6e9e',0),(7,'Oskar Davico','oskar@gmail.com','82182f2fd234e3995ed24d40adc02e6f',0),(8,'Miroslav Antic','miroslav@gmail.com','2f461bf3e4d394f3fe7d41f06e111cec',0),(9,'Laza Kostic','laza@gmail.com','973902af2b44887ff2f2c6854bf5cf9d',0),(10,'Tin Ujevic','tin@gmail.com','811137414f6975fd9b48dd36b73f2fb1',0),(11,'Djura Jaksic','djura@gmail.com','9362293c8751865cdfce81d241259a1c',0),(12,'Aleksa Santic','aleksa@gmail.com','f3071ec919ba79ea9d6fbe49c2c53a3d',0),(13,'Branko Radicevic','branko@gmail.com','fbee3d5b1def587f835e85a8a4c78195',0),(14,'Dusko Radovic','dusko@gmail.com','14ad098de03a54097f084e757c0cb584',0),(15,'Ivo Andric','ivo@gmail.com','b7cb513cf24c2670fda9a18e651bd6e6',0),(16,'Milos Crnjanski','milos@gmail.com','b82753180960205a4a62feff9c0f93f5',0),(17,'Jovan Ducic','jovan@gmail.com','c7d7372471faa58ad545123c0ce1457c',0),(18,'Matsuo Basho','matsuo@gmail.com','9185fbfd05192ddac61c70581b486f6d',0);
/*!40000 ALTER TABLE `user` ENABLE KEYS */;
UNLOCK TABLES;
/*!40103 SET TIME_ZONE=@OLD_TIME_ZONE */;

/*!40101 SET SQL_MODE=@OLD_SQL_MODE */;
/*!40014 SET FOREIGN_KEY_CHECKS=@OLD_FOREIGN_KEY_CHECKS */;
/*!40014 SET UNIQUE_CHECKS=@OLD_UNIQUE_CHECKS */;
/*!40101 SET CHARACTER_SET_CLIENT=@OLD_CHARACTER_SET_CLIENT */;
/*!40101 SET CHARACTER_SET_RESULTS=@OLD_CHARACTER_SET_RESULTS */;
/*!40101 SET COLLATION_CONNECTION=@OLD_COLLATION_CONNECTION */;
/*!40111 SET SQL_NOTES=@OLD_SQL_NOTES */;

-- Dump completed on 2019-02-19 19:30:36
